{

  "spider": "./jar/DMx.jar",
  "wallpaper": "https://深色壁纸.xxooo.cf/",
  "lives": [
    {
      "name": "live",
      "type": 0,
      "url": "",
      "playerType": 2,
      "logo": "https://epg.iill.top/logo/{name}.png"
    }

  ],

	
  "warningText": "主页刷新接口",
  "sites": [
   
  
    {
      "key": "csp_douban",
      "name": "✡︎主页刷新",
      "type": 3,
      "api": "csp_Douban",
      "searchable":0
    },
  

  
    {
      "key": "csp_aqy",
      "name": "🥝爱奇异视频",
      "type": 3,
      "api": "./py/爱奇异.py",
      "searchable": 1,
      "quickSearch": 1,
      "playerType": 2,    
      "filterable": 1
      
    },
    {
      "key": "csp_uk",
      "name": "🛡️优酷视频",
      "type": 3,
      "api": "./py/优酷视频.py",
      "searchable": 1,
      "quickSearch": 1,
      "playerType": 2,
      "filterable": 1
      
    },
    {
      "key": "csp_tx",
      "name": "🐧腾讯视频",
      "type": 3,
      "api": "./py/腾讯视频.py",
      "searchable": 1,
      "quickSearch": 1,
      "playerType": 2,	    
      "filterable": 1
      
    },
    {
      "key": "csp_mg",
      "name": "🍋芒果视频",
      "type": 3,
      "api": "./py/芒果视频.py",
      "searchable": 1,
      "quickSearch": 1,
      "playerType": 2,	    
      "filterable": 1
     
    },




     
     {
      "key": "csp_nm",
      "name": "♻️农‍民影视",
      "type": 3,
     "api":"csp_Wwys",
      "searchable":1,
      "quickSearch":1,
      "filterable":1,
      "ext":"https://wwgz.cn/"	
    },
   
     {
      "key": "jp",
      "name": "🥇金牌影视",
      "type":3,
      "api": "./py/金牌影视.py",
      "playerType": 2,
      "searchable": 1,
      "quickSearch": 1,
      "changeable": 1,
      "ext": {"site":"https://www.hkybqufgh.com,https://www.sizhengxt.com,https://0996zp.com,https://9zhoukj.com/,https://www.sizhengxt.com,https://www.tjrongze.com,https://www.jiabaide.cn,https://cqzuoer.com"}
     
    },

     
    




 {
      "key": "csp_Bl",
      "name": "💌哔哩资源",
      "type": 3,
      "api": "./lib/drpy2.min.js",
      "playerType": 2,
      "ext": "./js/我的哔哩.js?type=url&params=../json/Bili资源.json"
 
    },
	  


   

  {
      "key": "csp_Xlys",
      "name": "👻修罗影视",
      "type": 3,
      "api": "csp_xlys",
      "searchable": 0,
      "quickSearch": 0,
      "filterable": 0,
      "ext": "https://v.xlys.ltd.ua"
    },
     



     
    {
      "key": "网络",
      "name": "🐯网络直播",
      "type": 3,
      "api": "./py/网络直播.py",
      "searchable": 0,
      "quickSearch": 0,
      "playerType": 1
      
    }

 




 
    
  

      
 
  ],
  "parses": [
    {
      "name": "解析聚合",
      "type": 3,
      "url": "Demo"
    },
    {
      "name": "web聚合",
      "type": 3,
      "url": "Web"
    },

 
    {"name": "西米","type": 0,"url": "https://jx.xmflv.com/?url="},
    {"name": "夜幕","type": 0,"url": "https://www.yemu.xyz/v/d.php?url="},
    {"name": "一线","type": 0,"url": "https://bd.jx.cn/?url="},
    {"name": "二线","type": 0,"url": "https://jx.m3u8.tv/jiexi/?url="},
    {"name": "8090", "type": 0,"url": "https://www.8090g.cn/?url="},
    {"name": "m3u8","type": 0,"url": "https://jx.m3u8.tv/jiexi/?url="},
    {"name": "CK","type": 0,"url": "https://www.ckplayer.vip/jiexi/?url="},
        
    {"name": "7k","type": 0,"url": "https://jx.7kjx.com/?url="},
    {"name": "清期","type": 0,"url": "https://api.qianqi.net/vip/?url="},
    {"name": "咪咪","type": 0,"url": "https://jx.mmkv.cn/tv.php?url="},
    
     {
      "name": "冰豆",
      "type": 0,
      "url": "https://bd.jx.cn/?url=",
      "ext": {
        "header": {
          "user-agent": "Mozilla/5.0 (Linux; Android 13; V2049A Build/TP1A.220624.014; wv) AppleWebKit/537.36 (KHTML, like Gecko) Version/4.0 Chrome/116.0.0.0 Mobile Safari/537.36"
        }
      }
    },
    

        
        {
            "name": "淘片",
            "type": 0,
            "url": "https://jx.yparse.com/index.php?url=",
            "ext": {
                "header": {
                    "user-agent": "Mozilla/5.0 (Linux; Android 13; V2049A Build/TP1A.220624.014; wv) AppleWebKit/537.36 (KHTML, like Gecko) Version/4.0 Chrome/116.0.0.0 Mobile Safari/537.36"
                }
            }
        },
    
    {
      "name": "巧技",
      "type": 1,
      "url": "https://zy.qiaoji8.com/neibu.php?url=",
      "ext": {
        "flag": ["qq","腾讯","qiyi","爱奇艺","奇艺","youku","优酷","sohu","搜狐","letv","乐视",
          "mgtv","芒果","tnmb","seven","bilibili", "1905","NetFilx"
        ],
        "header": {
          "User-Agent": "okhttp/4.9.1"
        }
      }
    }


	  
   
 

   
  ],
 "flags": ["youku","优酷","优 酷","优酷视频","qq","腾讯","腾 讯","腾讯视频","iqiyi","qiyi","奇艺","爱奇艺","爱 奇 艺","m1905","xigua","letv","leshi","乐视","乐 视","sohu","搜狐","搜 狐","搜狐视频","tudou","pptv","mgtv","芒果","imgo","芒果TV","芒 果 T V","bilibili","哔 哩","哔 哩 哔 哩"]

}
