{

  "spider": "./jar/DMx.jar",
  "wallpaper": "https://深色壁纸.xxooo.cf/",
  "lives": [
    {
      "name": "live",
      "type": 0,
      "url": "./txt/DMBJ.txt",
      "playerType": 2,
      "logo": "https://epg.iill.top/logo/{name}.png"
    }

  ],

	
  "warningText": "主页刷新接口",
  "sites": [
   
  
    {
      "key": "csp_douban",
      "name": "✡︎主页刷新",
      "type": 3,
      "api": "csp_Douban",
      "searchable":0
    },
  

  
    {
      "key": "csp_aiqiyi",
      "name": "🥝爱奇异视频",
      "type": 3,
      "api": "./lib/drpy2.min.js",
      "searchable": 1,
      "quickSearch": 1,
      "playerType": 2,    
      "filterable": 1,
      "ext": "./js/奇艺视频.js"
    },
    {
      "key": "csp_优酷",
      "name": "🛡️优酷视频",
      "type": 3,
      "api": "./lib/drpy2.min.js",
      "searchable": 1,
      "quickSearch": 1,
      "playerType": 2,
      "filterable": 1,
      "ext": "./js/you酷视频.js"
    },
    {
      "key": "csp_tengyun",
      "name": "🐧腾讯视频",
      "type": 3,
      "api": "./lib/drpy2.min.js",
      "searchable": 1,
      "quickSearch": 1,
      "playerType": 2,	    
      "filterable": 1,
      "ext": "./js/腾讯.js"
    },
    {
      "key": "csp_mgtv",
      "name": "🍋芒果视频",
      "type": 3,
      "api": "./lib/drpy2.min.js",
      "searchable": 1,
      "quickSearch": 1,
      "playerType": 2,	    
      "filterable": 1,
      "ext": "./js/芒果视频.js"
    },


    {
      "key": "玩偶",
      "name": "🎲玩偶云盘",
      "type": 3,
      "api": "csp_WoGGGuard",
      "searchable": 1,
      "jar": "./jar/fan.txt",
      "categories": ["玩偶电影","玩偶剧集","动漫","短剧","云盘配置"],
      "quickSearch": 1,
      "changeable": 0,
      "ext": {
        "Cloud-drive": "tvfan/Cloud-drive.txt",
        "from": "4k|auto",
        "siteUrl": "https://www.wogg.net/",
        "danMu": "弹"
      }
    },


     
     {
      "key": "csp_XYQHiker_民影视",
      "name": "♻️农‍民影视",
      "type": 3,
      "api": "csp_XYQHiker",
      "searchable": 1,
      "quickSearch": 1,
      "playerType": 2,
      "filterable": 1,
      "ext": "./json/农民影视.json"
    },
   
     {
      "key": "金牌资源",
      "name": "🥇苹果影视",
      "type":3,
      "api":"csp_LiteApple",
      "categories": ["电影","连续剧","动漫","综艺"],
      "searchable":1,
      "quickSearch":1,
      "filterable":1},

     
  


 {
      "key": "csp_Netfixtv",
      "name": "👻小米至臻",
      "type": 3,
      "changeable": "0",
      "quickSearch": 1,
      "api": "csp_Duopan",
      "jar": "./jar/XM.jar",
      "categories": ["至臻电影","至臻剧集","至臻动漫","至臻短剧","至臻综艺"],
      "filterable": 1,
      "ext": {
        "site_urls": [
          "https://mihdr.top",
          "https://www.mihdr.top",
          "http://www.miqk.cc",
          "https://www.zhizhenpan.fun"
        ],
        "url_key": "Netfixtv",
        "token": "",
        "ucCookie": "",
        "quarkCookie": "",
        "threadinfo": {
          "chunksize": 512,
          "threads": 16
        }
      }
    },
	  


 {
      "key": "csp_Bili",
      "name": "💌哔哩资源",
      "type": 3,
      "api": "csp_BiLi",
      "playerType": 2,
            "ext": {
        "json": "./json/Bili资源2.json",
        "cookie": "DedeUserID=602263620;DedeUserID__ckMd5=a2d1051a27f8c630;Expires=1760340518;SESSDATA=7dcbcb69,1760340518,7a53e*42CjB9gw-ptGkprhxHjnWADOkxnuWO-ekQH3HQ2YjjlNa0Lg2UQAgCipMhMFBiNWeY90kSVnlzUUc0NEZHNEQ4VkMtc1BGa1hYVHNFUGdIN1BxOHVfNzluSW9QVklzVUdmalNIeUQ4Z0RXMUNrZ0hkakIzV1pNOFR2cnRCNmJicmllYmJ3eHRselFnIIEC;bili_jct=53b8abddf5f3515fd94fe0d1c7c87411;gourl=https://www.bilibili.com;first_domain=.bilibili.com;"
      },
      "style": {
        "type": "rect",
        "ratio": 1.333
      }
    
 
    },
	  


   

  
     
    {
      "key": "星芽短剧",
      "name": "📡星芽短剧",
      "type": 3,
      "api": "https://bitbucket.org/249886372/ywj/raw/d204f5d2a47f631b43c07098ce52426e1e81fea5/drpy_libs/drpy2.min.js",
      "searchable": 1,
      "quickSearch": 1,
      "changeable": 1,
      "ext": "https://bitbucket.org/249886372/ywj/raw/a75f9b49dfc168b86bcc12ebfc8f2007f57f1ebe/js/星芽短剧.js"
    },


    

      
    

    
    
  {
      "key": "csp_瓜子",
      "name": "🌰瓜子影视",
      "type": 3,
     "api": "csp_Gz360",
      "type": 3,
      "searchable": 1,
      "playerType": 2
       },
   

 

 
   
    {
      "key": "meowtv_ffzy",
      "name": "🍒采集资源",
       "type": 3,
      "api": "./lib/drpy2.min.js",
      "searchable": 1,
      "quickSearch": 1,
      "filterable": 1,
      "order_num": 0,
      "ext": "./js/采集之王.js?type=url&params=./json/采集动态.json"
    },



 
     {
      "key": "csp_SuBaiBai",
      "name": "🌂移动影视",
      "type": 3,
      "api": "csp_YDjisu",
      "searchable":1,
      "changeable":1
    },
    


     
    {
      "key": "虎牙直播js",
      "name": "🐯虎牙直播",
      "type": 3,
      "api": "./lib/drpy2.min.js",
      "searchable": 0,
      "quickSearch": 0,
      "playerType": 1,
      "ext": "./js/虎牙直播.js"
    },

 



      {
      "key": "巧技",
      "name": "📽️巧技搜索",
      "type": 3,
      "api": "csp_qiao2",
      "playerType": 2,
      "jar": "http://cdn.qiaoji8.com/fix250611.jar",
      "categories": ["搜索"],
      "ext": "7lj763gg402i79425739i7jghj118797l4hj840gi18633331l4708g2h7145403549g44l8ii56i187681hkjj3hhgh1ih3l32j250lk1k786lj20j468hk3hli4l46gig4i3g7g2722328j0136h01i7g5183k22k7gg3i72hk81gl8k9839kl7i0707"
    },

      {
      "key": "YpanSo",
      "name": "🌎三盘搜索",
      "type": 3,
      "api": "csp_YpanSoGuard",
      "jar": "./jar/fan.txt",
      "searchable": 1,
      "categories": ["搜索"],
      "quickSearch": 1,
      "changeable": 0,
      "ext": {
        "Cloud-drive": "tvfan/Cloud-drive.txt",
        "from": "4k|auto"
      }
    },
    
       {
      "key": "csp_UCss",
      "name": "⏳️优汐搜索",
      "type": 3,
      "api": "csp_UuSsGuard",
      "jar": "./jar/fan.txt",
      "categories": ["搜索"],
      "searchable": 1,
      "quickSearch": 1,
      "changeable": 0,
      "ext": {
        "Cloud-drive": "tvfan/Cloud-drive.txt",
        "from": "4k|auto"
      }
    }

 
    
  

      
 
  ],
  "parses": [
    {
      "name": "解析聚合",
      "type": 3,
      "url": "Demo"
    },
    {
      "name": "web聚合",
      "type": 3,
      "url": "Web"
    },

 
    {"name": "西米","type": 0,"url": "https://jx.xmflv.com/?url="},
    {"name": "夜幕","type": 0,"url": "https://www.yemu.xyz/v/d.php?url="},
    {"name": "一线","type": 0,"url": "https://bd.jx.cn/?url="},
    {"name": "二线","type": 0,"url": "https://jx.m3u8.tv/jiexi/?url="},
    {"name": "8090", "type": 0,"url": "https://www.8090g.cn/?url="},
    {"name": "m3u8","type": 0,"url": "https://jx.m3u8.tv/jiexi/?url="},
    {"name": "CK","type": 0,"url": "https://www.ckplayer.vip/jiexi/?url="},
        
    {"name": "7k","type": 0,"url": "https://jx.7kjx.com/?url="},
    {"name": "清期","type": 0,"url": "https://api.qianqi.net/vip/?url="},
    {"name": "咪咪","type": 0,"url": "https://jx.mmkv.cn/tv.php?url="},
    
     {
      "name": "冰豆",
      "type": 0,
      "url": "https://bd.jx.cn/?url=",
      "ext": {
        "header": {
          "user-agent": "Mozilla/5.0 (Linux; Android 13; V2049A Build/TP1A.220624.014; wv) AppleWebKit/537.36 (KHTML, like Gecko) Version/4.0 Chrome/116.0.0.0 Mobile Safari/537.36"
        }
      }
    },
    

        
        {
            "name": "淘片",
            "type": 0,
            "url": "https://jx.yparse.com/index.php?url=",
            "ext": {
                "header": {
                    "user-agent": "Mozilla/5.0 (Linux; Android 13; V2049A Build/TP1A.220624.014; wv) AppleWebKit/537.36 (KHTML, like Gecko) Version/4.0 Chrome/116.0.0.0 Mobile Safari/537.36"
                }
            }
        },
    
    {
      "name": "巧技",
      "type": 1,
      "url": "https://zy.qiaoji8.com/neibu.php?url=",
      "ext": {
        "flag": ["qq","腾讯","qiyi","爱奇艺","奇艺","youku","优酷","sohu","搜狐","letv","乐视",
          "mgtv","芒果","tnmb","seven","bilibili", "1905","NetFilx"
        ],
        "header": {
          "User-Agent": "okhttp/4.9.1"
        }
      }
    }


	  
   
 

   
  ],
 "flags": ["youku","优酷","优 酷","优酷视频","qq","腾讯","腾 讯","腾讯视频","iqiyi","qiyi","奇艺","爱奇艺","爱 奇 艺","m1905","xigua","letv","leshi","乐视","乐 视","sohu","搜狐","搜 狐","搜狐视频","tudou","pptv","mgtv","芒果","imgo","芒果TV","芒 果 T V","bilibili","哔 哩","哔 哩 哔 哩"]

}
