{
    "cookie": "clan://XYQTVBox/bilicookie.txt",
    "classes": [
        {
            "type_name": "👓沙雕动漫",
            "type_id": "一口气沙雕动漫"
        },
        {
            "type_name": "📚有声小说",
            "type_id": "有声小说"
        },
        {
            "type_name":"🎧音乐",
            "type_id": "经典无损音乐合集"
        },
        {
            "type_name": "📺相声小品",
            "type_id": "相声小品超清"
        },
        {
            "type_name": "🚀平面设计教学",
            "type_id": "平面设计教学"
        },
        {
            "type_name": "🔍软件教程",
            "type_id": "软件教程"
        }


    ],
    "filter": {
        "一口气沙雕动漫": [
        
        	{
				"key": "tid",
				"name": "分类",
				"value": [
					{
						"n": "穿越",
						"v": "穿越沙雕动漫"
					},
					{
						"n": "玄幻",
						"v": "玄幻沙雕动漫"
					},
						{
						"n": "修仙",
						"v": "修仙沙雕动漫"
					},
					{
						"n": "现代",
						"v": "现代沙雕动漫"
					},
					{
						"n": "武侠",
						"v": "武侠沙雕动漫"
					},
					{
						"n": "重生",
						"v": "重生沙雕动漫"
					},
					{
						"n": "虾仁",
						"v": "虾仁沙雕动漫"
					},
					{
						"n": "爽文",
						"v": "爽文沙雕动漫"
					},
					{
						"n": "求生",
						"v": "求生沙雕动漫"
					},
					{
						"n": "诡异",
						"v": "诡异沙雕动漫"
					},
					{
						"n": "规则",
						"v": "规则怪谈沙雕动漫"
					},
					{
						"n": "末世",
						"v": "末世沙雕动漫"
					},
					{
						"n": "系统",
						"v": "系统沙雕动漫"
					}
					
				]
			},
       
            {
                "key": "duration",
                "name": "时长",
                "value": [
                    {
                        "n": "全部",
                        "v": "0"
                    },
                    {
                        "n": "60分钟以上",
                        "v": "4"
                    },
                    {
                        "n": "30~60分钟",
                        "v": "3"
                    },
                    {
                        "n": "10~30分钟",
                        "v": "2"
                    },
                    {
                        "n": "10分钟以下",
                        "v": "1"
                    }
                ]
            }
        ],
        "有声小说": [
        
        	{
				"key": "tid",
				"name": "分类",
				"value": [
					{
						"n": "排行",
						"v": "排行有声小说"
					},
					{
						"n": "高分",
						"v": "高分有声小说"
					},
					{
						"n": "爽文",
						"v": "爽文有声小说"
					},
					{
						"n": "玄幻",
						"v": "玄幻有声小说"
					},
					{
						"n": "修仙",
						"v": "修仙有声小说"
					},
					{
						"n": "言情",
						"v": "言情有声小说"
					},
					{
						"n": "搞笑",
						"v": "搞笑有声小说"
					},
					{
						"n": "悬疑",
						"v": "悬疑有声小说"
					}
				
					
				]
			},
            {
                "key": "duration",
                "name": "时长",
                "value": [
                    {
                        "n": "全部",
                        "v": "0"
                    },
                    {
                        "n": "60分钟以上",
                        "v": "4"
                    },
                    {
                        "n": "30~60分钟",
                        "v": "3"
                    },
                    {
                        "n": "10~30分钟",
                        "v": "2"
                    },
                    {
                        "n": "10分钟以下",
                        "v": "1"
                    }
                ]
            }
        ],
        
                "经典无损音乐合集": [
        
        	{
				"key": "tid",
				"name": "分类",
				"value": [
					{
						"n": "抖音",
						"v": "抖音神曲"
					},
					{
						"n": "古风",
						"v": "古风歌曲"
					},
						{
						"n": "DJ",
						"v": "DJ歌曲"
					},
					{
						"n": "粤语",
						"v": "粤语歌曲超清"
					},
					{
						"n": "经典",
						"v": "经典老歌"
					},
					{
						"n": "闽南",
						"v": "闽南语歌曲"
					},
					{
						"n": "流行",
						"v": "流行歌曲"
					}
				
					
				]
			}
       ],
        
        	"平面设计教学": [{
				"key": "order",
				"name": "排序",
				"value": [{
						"n": "综合排序",
						"v": "0"
					},
					{
						"n": "最多点击",
						"v": "click"
					},
					{
						"n": "最新发布",
						"v": "pubdate"
					},
					{
						"n": "最多弹幕",
						"v": "dm"
					},
					{
						"n": "最多收藏",
						"v": "stow"
					}
				]
			},
			{
				"key": "tid",
				"name": "分类",
				"value": [{
						"n": "全部",
						"v": "平面设计教学"
					},
					{
						"n": "Adobe Photoshop",
						"v": "Adobe Photoshop教程"
					},
					{
						"n": "Adobe Illustrator",
						"v": "Adobe Illustrator教程"
					},
					{
						"n": "CorelDRAW",
						"v": "CorelDRAW教程"
					},
					{
						"n": "Adobe InDesign",
						"v": "Adobe InDesign教程"
					},
					{
						"n": "Adobe Pagermaker",
						"v": "Adobe Pagermaker教程"
					},
					{
						"n": "SAI",
						"v": "SAI教程"
					},
					{
						"n": "Adobe Bridge",
						"v": "Adobe Bridge教程"
					},
					{
						"n": "Adobe Pagermaker",
						"v": "Adobe Pagermake教程r"
					},
					{
						"n": "3D Studio Max",
						"v": "3D Studio Max教程"
					},
					{
						"n": "PR",
						"v": "PR教程"
					},
					{
						"n": "AE",
						"v": "AE教程"
					},
					{
						"n": "CINEMA 4D",
						"v": "CINEMA 4D教程"
					}
				]
			},
			{
				"key": "duration",
				"name": "时长",
				"value": [{
						"n": "全部",
						"v": "0"
					},
					{
						"n": "60分钟以上",
						"v": "4"
					},
					{
						"n": "30~60分钟",
						"v": "3"
					},
					{
						"n": "10~30分钟",
						"v": "2"
					},
					{
						"n": "10分钟以下",
						"v": "1"
					}
				]
			}
		],
		"软件教程": [{
				"key": "order",
				"name": "排序",
				"value": [{
						"n": "综合排序",
						"v": "0"
					},
					{
						"n": "最多点击",
						"v": "click"
					},
					{
						"n": "最新发布",
						"v": "pubdate"
					},
					{
						"n": "最多弹幕",
						"v": "dm"
					},
					{
						"n": "最多收藏",
						"v": "stow"
					}
				]
			},
			{
				"key": "tid",
				"name": "分类",
				"value": [{
						"n": "全部",
						"v": "软件教程"
					},
					{
						"n": "MT管理器",
						"v": "MT管理器"
					},
					{
						"n": "NP管理器",
						"v": "NP管理器"
					},
					{
						"n": "mixplorer",
						"v": "mixplorer"
					},
					{
						"n": "脱壳",
						"v": "脱壳"
					},
					{
						"n": "爬虫",
						"v": "爬虫"
					},
					{
						"n": "json&jar",
						"v": "json&jar"
					},
					{
						"n": "网盘挂载",
						"v": "网盘挂载"
					},
					{
						"n": "alist+WebDav",
						"v": "alist+WebDav"
					},
					{
						"n": "TVBox修改",
						"v": "TVBox修改教程"
					},
					{
						"n": "EXCEL",
						"v": "EXCEL教程"
					},
					{
						"n": "Git入门到精通",
						"v": "Git入门到精通"
					},
					{
						"n": "java",
						"v": "java教程"
					},
					{
						"n": "phyton",
						"v": "phyton教程"
					},
					{
						"n": "xml",
						"v": "xml教程"
					}
				]
			},
			{
				"key": "duration",
				"name": "时长",
				"value": [{
						"n": "全部",
						"v": "0"
					},
					{
						"n": "60分钟以上",
						"v": "4"
					},
					{
						"n": "30~60分钟",
						"v": "3"
					},
					{
						"n": "10~30分钟",
						"v": "2"
					},
					{
						"n": "10分钟以下",
						"v": "1"
					}
				]
			}
		],
                    

        "相声小品超清": [
            	{
				"key": "tid",
				"name": "分类",
				"value": [{
						"n": "全部",
						"v": "相声小品"
					},
					{
						"n": "周立波",
						"v": "一周立波秀"
					},
				
				
					{
						"n": "贾玲",
						"v": "贾玲小品"
					},
					{
						"n": "郭德纲",
						"v": "郭德纲"
					},
				
				
					{
						"n": "许君聪",
						"v": "许君聪小品"
					},
					{
						"n": "喜剧班",
						"v": "喜剧班的春天"
					},
					
					{
						"n": "春晚小品",
						"v": "春晚小品"
					},
					{
						"n": "赵本山",
						"v": "赵本山"
					},
					{
						"n": "陈佩斯",
						"v": "陈佩斯"
					},
					
					{
						"n": "宋小宝",
						"v": "宋小宝"
					},
					
					{
						"n": "开心麻花",
						"v": "开心麻花"
					},
					{
						"n": "屌丝男士",
						"v": "屌丝男士"
					},
						{
						"n": "笑口组",
						"v": "笑口组"
					}
				
				]
			},
            {
                "key": "duration",
                "name": "时长",
                "value": [
                    {
                        "n": "全部",
                        "v": "0"
                    },
                    {
                        "n": "60分钟以上",
                        "v": "4"
                    },
                    {
                        "n": "30~60分钟",
                        "v": "3"
                    },
                    {
                        "n": "10~30分钟",
                        "v": "2"
                    },
                    {
                        "n": "10分钟以下",
                        "v": "1"
                    }
                ]
            }
        ]
        }
        }
