[



 


 {
    "name": "非凡资源",
    "url": "http://api.ffzyapi.com",
   "api":"/api.php/provide/vod/from/ffm3u8",
    "parse_url": "",
    "searchable": 1,
    "cate_exclude": "电影片|连续剧|综艺片|动漫片",
    "class_name": "短剧&动作片&喜剧片&恐怖片&科幻片&国产剧&香港剧&大陆综艺&国产动漫",
    "class_url": "36&6&7&10&9&13&14&25&29",
    "cate_excludes": [
      "电影片",
      "连续剧",
      "综艺片",
      "动漫片" 
    ]
  },
  
  {
    "name": "量子资源",
    "url": "https://cj.lziapi.com",
    "api":"/api.php/provide/vod/from/lzm3u8/",
    "parse_url": "http://43.248.129.14:20240/?url=",
    "searchable": 1,
    "cate_exclude": "电影片|连续剧|综艺片|动漫片|电影解说|体育|演员|新闻资讯",
    "class_name": "短剧&动作片&喜剧片&奇幻片&恐怖片&科幻片&国产剧&香港剧&大陆综艺&国产动漫",
    "class_url": "46&6&7&9&10&9&13&14&25&29",
    "cate_excludes": [
      "电影片",
      "连续剧",
      "综艺片",
      "动漫片",
      "体育",
      "演员",
      "新闻资讯",
      "电影资讯",
      "娱乐新闻"
    ]
  },
    {
    "name": "优质资源",
    "url": "https://api.yzzy-api.com",
    "api":"/inc/apijson.php",
    "parse_url": "http://43.248.129.14:20240/?url=",
    "cate_exclude": "电影|连续剧|综艺|动漫",
    "class_name": "短剧大全&动作片&喜剧片&爱情片&恐怖片&科幻片&动画片&国产剧&韩国剧&大陆综艺&国产动漫",
    "class_url": "83&5&6&7&9&8&41&12&114&62&66",
    "cate_excludes": [
      "福利",
      "短剧大全",
      "体育"
     
    ]
  }

]
