    {
    
    "作者":"荷城茶秀",
    
    "站名":"厂长资源",
    
    "主页url":"http://www.czys.pro/",
    
    "简介":"+<div class=\"yp_context\">&&</div>",
    
    "导演":"导演：&&</li>",
    
    "主演":"主演：&&</li>",
    
    "影片年代":"年份：&&</li>",
    
    "影片地区":"地区：&&</li>",
    
    "影片类型":"类型：&&</li>",
    
    "数组":"<li>&&</li>",
    
    "图片":"data-original=\"&&\"",
    
    "标题":"alt=\"&&\"",
    
    "链接":"href=\"&&\"",
    
    "副标题":"jidi\">&&</div>+furk\">&&</div>+rating\">&&</div>",
    
    "搜索模式":"1",
    
    "搜索url":"http://www.czys.pro/index.php?q={wd}",
    
    "搜索数组":"<b>&&</b>[包含:厂长资源]",
    
    "搜索副标题":"<a>&&</a>",
    
    "搜索标题":"class='movie_name'>&&</a>",
    
    "搜索链接":"href=\"&&\"",
    
    "搜索图片":"http://img.vopox.net/wp-content/uploads/2023/03/y2fga2jzwq2.jpg",
    
    "线路数组":"<div class=\"mi_paly_box\">&&</div>",
    
    "线路标题":"<span>&&</span>[替换:在线观看>>厂长资源]",
    
    "播放数组":"<div class=\"paly_list_btn\">&&</div>",
    
    "播放列表":"<a&&/a>",
    
    "播放标题":">&&<[替换:立即播放>>空]",
    
    "播放链接":"href=\"&&\"",
    
    "分类url":"http://www.czys.pro/{cateId}/{class}/{area}/page/{catePg};;m0",
    
    "分类":"全部&高分影视&最新电影&电影&国产剧&电视剧&动画&日剧&韩剧&美剧&华语电影&日本电影&欧美电影&韩国电影",
    
    "分类值":"movie_bt&gaofenyingshi&zuixindianying&movie_bt_series/dyy&movie_bt_series/guochanju&movie_bt_series/dianshiju&movie_bt_series/dohua&movie_bt_series/rj&movie_bt_series/hj&movie_bt_series/mj&movie_bt_series/huayudianying&movie_bt_series/ribendianying&movie_bt_series/meiguodianying&movie_bt_series/hanguodianying",
    
    "筛选":{
    "movie_bt":[
    {"key":"area","name":"分类","value":[
    {"v":"","n":"全部分类"},
    {"v":"movie_bt_series/zhanchangtuijian","n":"站长推荐"},
    {"v":"movie_bt_series/dyy","n":"电影"},
    {"v":"movie_bt_series/dianshiju","n":"电视剧"},
    {"v":"movie_bt_series/dohua","n":"动画"},
    {"v":"movie_bt_series/guochanju","n":"国产剧"},
   
    {"v":"movie_bt_series/rj","n":"日剧"},
    {"v":"movie_bt_series/hj","n":"韩剧"},
  
    {"v":"movie_bt_series/huayudianying","n":"华语电影"},
    {"v":"movie_bt_series/meiguodianying","n":"欧美电影"}
  
    ]
    },
    {"key":"class","name":"类型","value":[
    {"n":"全部类型","v":""},
   
   
    {"n":"冒险","v":"movie_bt_tags/maoxian"},
    {"n":"剧情","v":"movie_bt_tags/juqing"},
    {"n":"动作","v":"movie_bt_tags/dozuo"},
    {"n":"动漫","v":"movie_bt_tags/doman"},
    {"n":"动画","v":"movie_bt_tags/dhh"},
    {"n":"历史","v":"movie_bt_tags/lishi"},
    {"n":"古装","v":"movie_bt_tags/guzhuang"},

    {"n":"喜剧","v":"movie_bt_tags/xiju"},
    {"n":"奇幻","v":"movie_bt_tags/qihuan"},
    {"n":"家庭","v":"movie_bt_tags/jiating"},
    {"n":"恐怖","v":"movie_bt_tags/kubu"},
    {"n":"悬疑","v":"movie_bt_tags/xuanyi"},
   
    {"n":"惊悚","v":"movie_bt_tags/kingsong"},
    {"n":"战争","v":"movie_bt_tags/zhanzhen"},
   
    {"n":"武侠","v":"movie_bt_tags/wuxia"},
    {"n":"灾难","v":"movie_bt_tags/zainan"},
    {"n":"爱情","v":"movie_bt_tags/aiqing"},
    {"n":"犯罪","v":"movie_bt_tags/fanzui"},
    {"n":"短片","v":"movie_bt_tags/dp"},
    {"n":"科幻","v":"movie_bt_tags/kh"},
 
    {"n":"音乐","v":"movie_bt_tags/yy"}
    ]
    }
    ]
    }
    }
    
