{
    "规则名": "河马短剧",
    "规则作者": "香雅情",
    "请求头参数": "MOBILE_UA",
    "网页编码格式": "UTF-8",
    "图片是否需要代理": "否",
    "是否开启获取首页数据": "否",
    "首页推荐链接": "https://www.kuaikaw.cn",
    "首页列表数组规则": "body&&.module-items",
    "首页片单列表数组规则": ".module-item:lt(12)",
    "首页片单是否Jsoup写法": "1",
    "分类起始页码": "1",
    "分类链接": "https://www.kuaikaw.cn/browse/{cateId}/{catePg}[firstPage=https://www.kuaikaw.cn/browse/{cateId}]",
    "分类名称": "全部&萌宝&甜宠&豪门恩怨&闪婚&重生&穿越",
    "分类名称替换词": "0&589&462&585&713&439-465&916",
    //"筛选数据": {},
    "筛选数据": "ext",
    //{cateId}
    "筛选子分类名称": "全部&民国&萌宝&动漫&超能&甜宠&豪门恩怨&长生&神医&寻亲&抗战谍战&电视剧&奇幻&闪婚&职场商战&权谋&高手下山&神话&时空之旅&欢喜冤家&都市&体育&家庭&喜剧&都市修仙&神豪&科幻&致富&奇幻脑洞&强者回归&励志&复仇&电影&马甲&亲情&小人物&无敌&现实&重生&穿越&年代&悬疑&婚姻&家国情仇&虐恋&古装&仙侠&玄幻仙侠&传承觉醒&功夫武打&戏曲歌舞&情感&逆袭&战争",
    "筛选子分类替换词": "0&590-839&589&1115&442&462&585&1073&438&1125&1093&1092-1097&715&713&943&840-1101&474&1094&718&717&1129&1128&714-1126&917&1124&475&1130&918&721&476&1076-1100&416-463&1091-1096&719&835-837&472&1074&441-469&439-465&916&716-722&445-470&1127&915&466&444-468&1102&720&473&1095&1098&838&417-464&1099",
    //{class}
    "筛选类型名称": "",
    "筛选类型替换词": "*",
    //{area}
    "筛选地区名称": "",
    "筛选地区替换词": "*",
    //{year}
    "筛选年份名称": "",
    "筛选年份替换词": "*",
    //{lang}
    "筛选语言名称": "",
    "筛选语言替换词": "*",
    //{by}
    "筛选排序名称": "时间&人气&评分",
    "筛选排序替换词": "time&hits&score",
    "分类截取模式": "1",
    "分类列表数组规则": ".BrowseList_listBox__MyeBa&&.BrowseList_listItem__h7lD4",
    "分类片单是否Jsoup写法": "是",
    "分类片单标题": "img&&alt",
    "分类片单链接": "a&&href",
    "分类片单图片": "img&&src",
    "分类片单副标题": ".BrowseList_lastChapter__dkL54&&Text",
    "分类片单链接加前缀": "https://www.kuaikaw.cn",
    "分类片单链接加后缀": "",
    "搜索请求头参数": "User-Agent$MOBILE_UA",
    "搜索链接": "https://www.kuaikaw.cn/search/{SearchPg}?searchValue={wd}",
    "POST请求数据": "",
    "搜索截取模式": "1",
    "搜索列表数组规则": ".search_searchList__AvbeR&&.MTagBookList_tagBookItem__C_038",
    "搜索片单是否Jsoup写法": "是",
    "搜索片单图片": "img&&src",
    "搜索片单标题": "img&&alt",
    "搜索片单链接": "a&&href",
    "搜索片单副标题": "",
    "搜索片单链接加前缀": "https://www.kuaikaw.cn",
    "搜索片单链接加后缀": "",
    "链接是否直接播放": "否",
    "直接播放链接加前缀": "",
    "直接播放链接加后缀": "",
    "直接播放直链视频请求头": "",
    "详情是否Jsoup写法": "是",
    "类型详情": "",
    "年代详情": "",
    "地区详情": "",
    "演员详情": "",
    "简介详情": ".introduction_introBox__t4Bbz&&Text",
    "线路列表数组规则": "",
    "线路标题": "Text",
    "播放列表数组规则": "body&&.CatalogList_swiperBox__5kdPs",
    "选集列表数组规则": "a",
    "选集标题链接是否Jsoup写法": "是",
    "选集标题": "a&&Text",
    "选集链接": "a&&href",
    "是否反转选集序列": "否",
    "选集链接加前缀": "https://www.kuaikaw.cn",
    "选集链接加后缀": "",
    "分析MacPlayer": "否",
    "是否开启手动嗅探": "否",
    "手动嗅探视频链接关键词": ".mp4#.m3u8#.flv#video/tos",
    "手动嗅探视频链接过滤词": ".html#=http"
}
