{

  "spider": "./jar/DMx.jar",
  "wallpaper": "https://深色壁纸.xxooo.cf/",
  "lives": [
    {
      "name": "live",
      "type": 0,
      "url": "./txt/DMBJ.txt",
      "playerType": 2,
      "logo": "https://epg.iill.top/logo/{name}.png"
    }

  ],

	
  "warningText": "主页刷新接口",
  "sites": [
   
  
    {
      "key": "csp_douban",
      "name": "✡︎主页刷新",
      "type": 3,
      "api": "csp_Douban",
      "searchable":0
    },
  

  
    {
      "key": "csp_aiqiyi",
      "name": "🥝爱奇异视频",
      "type": 3,
      "api": "./lib/drpy2.min.js",
      "searchable": 1,
      "quickSearch": 1,
      "playerType": 2,    
      "filterable": 1,
      "ext": "./js/奇艺视频.js"
    },
    {
      "key": "csp_优酷",
      "name": "🛡️优酷视频",
      "type": 3,
      "api": "./lib/drpy2.min.js",
      "searchable": 1,
      "quickSearch": 1,
      "playerType": 2,
      "filterable": 1,
      "ext": "./js/you酷视频.js"
    },
    {
      "key": "csp_tengyun",
      "name": "🐧腾讯视频",
      "type": 3,
      "api": "./lib/drpy2.min.js",
      "searchable": 1,
      "quickSearch": 1,
      "playerType": 2,	    
      "filterable": 1,
      "ext": "./js/腾讯.js"
    },
    {
      "key": "csp_mgtv",
      "name": "🍋芒果视频",
      "type": 3,
      "api": "./lib/drpy2.min.js",
      "searchable": 1,
      "quickSearch": 1,
      "playerType": 2,	    
      "filterable": 1,
      "ext": "./js/芒果视频.js"
    },


    {
      "key": "玩偶",
      "name": "🎲玩偶云盘",
      "type": 3,
      "api": "csp_WoGGGuard",
      "searchable": 1,
      "jar": "./jar/fan.txt",
      "categories": ["玩偶电影","玩偶剧集","动漫","短剧","云盘配置"],
      "quickSearch": 1,
      "changeable": 0,
      "ext": {
        "Cloud-drive": "tvfan/Cloud-drive.txt",
        "from": "4k|auto",
        "siteUrl": "https://www.wogg.net/",
        "danMu": "弹"
      }
    },


     
     {
      "key": "csp_XYQHiker_民影视",
      "name": "♻️农‍民影视",
      "type": 3,
      "api": "csp_XYQHiker",
      "searchable": 1,
      "quickSearch": 1,
      "playerType": 2,
      "filterable": 1,
      "ext": "./json/农民影视.json"
    },
   
     {
      "key": "金牌资源",
      "name": "🥇金牌影视",
     "type": 3,
      "api": "csp_Jpys",
      "playerType": 2,
      "searchable": 1,
      "quickSearch": 1,
      "changeable": 1

     
    },



      
  {
      "key": "csp_Xlys",
      "name": "👻修罗影视",
      "type": 3,
      "api": "csp_xlys",
      "searchable": 1,
      "quickSearch": 1,
      "filterable": 1,
      "ext": "https://v.xlys.ltd.ua"
    },

   {
      "key": "虎牙直播js",
      "name": "🐯虎牙直播",
      "type": 3,
      "api": "./lib/drpy2.min.js",
      "searchable": 0,
      "quickSearch": 0,
      "playerType": 2,
      "ext": "./js/虎牙直播.js"
    },
	  


 {
      "key": "csp_Bili",
      "name": "💌哔哩资源",
      "type": 3,
      "api": "csp_Bili",
      "playerType": 2,
      "ext": "./json/Bili资源.json"
 
    },

	  


   

  
     
    {
      "key": "星芽短剧",
      "name": "📡星芽短剧",
      "type": 3,
      "api": "https://bitbucket.org/249886372/ywj/raw/d204f5d2a47f631b43c07098ce52426e1e81fea5/drpy_libs/drpy2.min.js",
      "searchable": 1,
      "quickSearch": 1,
      "changeable": 1,
      "ext": "https://bitbucket.org/249886372/ywj/raw/a75f9b49dfc168b86bcc12ebfc8f2007f57f1ebe/js/星芽短剧.js"
    },


    
    {
      "key": "csp_HMDJ",
      "name": "🎋河马短剧",
      "type": 3,
      "api": "csp_AppHMDJ",
      "searchable": 1,
      "quickSearch": 1,
      "categories": ["推荐","新剧","排行榜","经典好剧","微短剧大赛"],
      "filterable": 1,
      "ext":"KhY021WelCEl+6MsvwnzaPussky/EAoc9z7C4keyHaEQ+sKbXhMKd83VjTL7Ls6+m7XDIcGdziOxPv79y/h4QCvmOEJmZ1VD6dopzAVxkFzEFw=="
      },
      
    

    
    
  {
      "key": "csp_瓜子",
      "name": "🌰瓜子影视",
      "type": 3,
     "api": "csp_Gz360",
     "categories": ["电影","电视剧","国产剧","动漫","综艺"],
      "type": 3,
      "searchable": 1,
      "playerType": 2
       },
   

 

 
   
    {
      "key": "meowtv_ffzy",
      "name": "🍒采集资源",
       "type": 3,
      "api": "./lib/drpy2.min.js",
      "searchable": 1,
      "quickSearch": 1,
      "filterable": 1,
      "order_num": 0,
      "ext": "./js/采集之王.js?type=url&params=./json/采集动态.json"
    },



 
     {
      "key": "csp_SuBaiBai",
      "name": "🌂移动影视",
      "type": 3,
      "api": "csp_YDjisu",
      "searchable":1,
      "changeable":1
    },
    
      {
      "key": "Wexpan123ziyuanGuard",
      "name": "🐻123网盘",
      "type": 3,
      "api": "csp_Wexpan123ziyuanGuard",
      "jar": "./jar/wex.txt",
      "searchable": 1,
      "changeable": 1
    },

     
   {"key":"火火影视","name":"💡火火影视","type":3,"api":"csp_SaoHuo","playerType":2,"ext":"https://shdy5.us"},

 



      {
      "key": "巧技",
      "name": "📽️巧技搜索",
      "type": 3,
      "api": "csp_qiao2",
      "playerType": 2,
      "categories": ["搜索"],
      "ext": "./txt/QJZX.txt"
    },

      {
      "key": "YpanSo",
      "name": "🌎三盘搜索",
      "type": 3,
      "api": "csp_YpanSoGuard",
      "jar": "./jar/fan.txt",
      "searchable": 1,
      "quickSearch": 1,
      "changeable": 0,
      "ext": {
        "Cloud-drive": "tvfan/Cloud-drive.txt",
        "from": "4k|auto"
      }
    },
    
       {
      "key": "csp_UCss",
      "name": "⏳️优汐搜索",
      "type": 3,
      "api": "csp_UuSsGuard",
      "jar": "./jar/fan.txt",
      "searchable": 1,
      "quickSearch": 1,
      "changeable": 0,
      "ext": {
        "Cloud-drive": "tvfan/Cloud-drive.txt",
        "from": "4k|auto"
      }
    }

 
    
  

      
 
  ],
  "parses": [
    {
      "name": "解析聚合",
      "type": 3,
      "url": "Demo"
    },
    {
      "name": "web聚合",
      "type": 3,
      "url": "Web"
    },

 
    {"name": "西米","type": 0,"url": "https://jx.xmflv.com/?url="},
    {"name": "夜幕","type": 0,"url": "https://www.yemu.xyz/v/d.php?url="},
    {"name": "一线","type": 0,"url": "https://bd.jx.cn/?url="},
    {"name": "二线","type": 0,"url": "https://jx.m3u8.tv/jiexi/?url="},
    {"name": "8090", "type": 0,"url": "https://www.8090g.cn/?url="},
    {"name": "m3u8","type": 0,"url": "https://jx.m3u8.tv/jiexi/?url="},
    {"name": "CK","type": 0,"url": "https://www.ckplayer.vip/jiexi/?url="},
     {
      "name": "冰豆",
      "type": 0,
      "url": "https://bd.jx.cn/?url=",
      "ext": {
        "header": {
          "user-agent": "Mozilla/5.0 (Linux; Android 13; V2049A Build/TP1A.220624.014; wv) AppleWebKit/537.36 (KHTML, like Gecko) Version/4.0 Chrome/116.0.0.0 Mobile Safari/537.36"
        }
      }
    },
    {
      "name": "巧技",
      "type": 1,
      "url": "https://zy.qiaoji8.com/neibu.php?url=",
      "ext": {
        "flag": ["qq","腾讯","qiyi","爱奇艺","奇艺","youku","优酷","sohu","搜狐","letv","乐视",
          "mgtv","芒果","tnmb","seven","bilibili", "1905","NetFilx"
        ],
        "header": {
          "User-Agent": "okhttp/4.9.1"
        }
      }
    },

     {
      "name": "qiaoji",
      "type": 1,
      "url": "https://zy.qiaoji8.com/gouzi.php?url=",
      "ext": {
        "flag": ["qq","腾讯","qiyi","爱奇艺","奇艺","youku","优酷","sohu","搜狐","letv","乐视",
          "mgtv","芒果","tnmb","seven","bilibili", "1905","NetFilx"
        ],
        "header": {
          "User-Agent": "okhttp/4.9.1"
        }
      }
    }
	  
   
 

   
  ],
 "flags": ["youku","优酷","优 酷","优酷视频","qq","腾讯","腾 讯","腾讯视频","iqiyi","qiyi","奇艺","爱奇艺","爱 奇 艺","m1905","xigua","letv","leshi","乐视","乐 视","sohu","搜狐","搜 狐","搜狐视频","tudou","pptv","mgtv","芒果","imgo","芒果TV","芒 果 T V","bilibili","哔 哩","哔 哩 哔 哩"]

}
